{"feeds":{"https://getpocket.cdn.mozilla.net/v3/firefox/global-recs?version=3&consumer_key=$apiKey&locale_lang=$locale&region=$region&count=30":{"lastUpdated":1698156537106,"data":{"settings":{"domainAffinityParameterSets":{},"timeSegments":[{"id":"week","startTime":604800,"endTime":0,"weightPosition":1},{"id":"month","startTime":2592000,"endTime":604800,"weightPosition":0.5}],"recsExpireTime":5400,"spocsPerNewTabs":0.5,"version":"6f605b0212069b4b8d3d040faf55742061a25c16"},"recommendations":[{"id":3357778674416618,"url":"https://www.dw.com/en/can-indias-ancient-stepwells-solve-its-water-crisis/a-67091265?utm_source=pocket-newtab-en-intl","title":"Can India's ancient stepwells solve its water crisis?","excerpt":"Many Indian cities on the frontlines of climate change and faced with acute water crises are turning to ancient water storage techniques to provide a solution.","domain":"Deutsche Welle","raw_image_src":"https://s3.us-east-1.amazonaws.com/pocket-curatedcorpusapi-prod-images/be97e48c-6c59-4748-aa71-efed4dbb43ff.jpeg","image_src":"https://img-getpocket.cdn.mozilla.net/direct?url=https%3A%2F%2Fs3.us-east-1.amazonaws.com%2Fpocket-curatedcorpusapi-prod-images%2Fbe97e48c-6c59-4748-aa71-efed4dbb43ff.jpeg&resize=w450","time_to_read":3,"score":1},{"id":3306062041448805,"url":"https://getpocket.com/explore/item/finland-models-sustainable-toilets-that-use-less-water-create-compost?utm_source=pocket-newtab-en-intl","title":"There Are Better Ways to Build a Toilet","excerpt":"Designers are rethinking the modern flush for a water-strained world.","domain":"CityLab","raw_image_src":"https://s3.us-east-1.amazonaws.com/pocket-curatedcorpusapi-prod-images/450e628f-b636-4bde-a6da-59a373115afd.jpeg","image_src":"https://img-getpocket.cdn.mozilla.net/direct?url=https%3A%2F%2Fs3.us-east-1.amazonaws.com%2Fpocket-curatedcorpusapi-prod-images%2F450e628f-b636-4bde-a6da-59a373115afd.jpeg&resize=w450","time_to_read":7,"score":1},{"id":3284271070360295,"url":"https://www.cnbc.com/2023/10/09/cities-are-fighting-back-against-overtourism-venice-amsterdam-bali.html?utm_source=pocket-newtab-en-intl","title":"‘They Just Come, Take a Nice Selfie ... and Leave.’ Overtourism Returns, but Cities Are Fighting Back","excerpt":"From overtourism to no tourism — and back again.","domain":"CNBC","raw_image_src":"https://s3.us-east-1.amazonaws.com/pocket-curatedcorpusapi-prod-images/a8d69609-1e69-4db6-a888-d4ab156495b7.jpeg","image_src":"https://img-getpocket.cdn.mozilla.net/direct?url=https%3A%2F%2Fs3.us-east-1.amazonaws.com%2Fpocket-curatedcorpusapi-prod-images%2Fa8d69609-1e69-4db6-a888-d4ab156495b7.jpeg&resize=w450","time_to_read":4,"score":1},{"id":381574189829112,"url":"https://www.atlasobscura.com/articles/ghost-women-why-are-there-so-many-female-ghosts?utm_source=pocket-newtab-en-intl","title":"Why Are There So Many Female Ghosts?","excerpt":"Female ghosts seem to dominate the afterlife. Whether the spirits are real or not, the reasons for the disparity could be revealing.","domain":"Atlas Obscura","raw_image_src":"https://s3.us-east-1.amazonaws.com/pocket-curatedcorpusapi-prod-images/44754202-384e-4f99-ac79-af6a4d77f290.png","image_src":"https://img-getpocket.cdn.mozilla.net/direct?url=https%3A%2F%2Fs3.us-east-1.amazonaws.com%2Fpocket-curatedcorpusapi-prod-images%2F44754202-384e-4f99-ac79-af6a4d77f290.png&resize=w450","time_to_read":7,"score":1},{"id":316078455967703,"url":"https://edition.cnn.com/2023/10/12/india/india-pakistan-cricket-world-cup-intl-hnk-dst-spt/index.html?utm_source=pocket-newtab-en-intl","title":"‘Five times the Super Bowl’: Why India vs Pakistan is a sporting rivalry like no other","excerpt":"In October 1952, five years after the Indian subcontinent won independence from its British colonial rulers, a young Pakistan cricket team stepped foot in the newly formed Republic of India.","domain":"CNN","raw_image_src":"https://s3.us-east-1.amazonaws.com/pocket-curatedcorpusapi-prod-images/26832a45-f006-4da5-8c50-d069df908b87.webp","image_src":"https://img-getpocket.cdn.mozilla.net/direct?url=https%3A%2F%2Fs3.us-east-1.amazonaws.com%2Fpocket-curatedcorpusapi-prod-images%2F26832a45-f006-4da5-8c50-d069df908b87.webp&resize=w450","score":1},{"id":15335770553626,"url":"https://theconversation.com/treadmill-exercise-bike-rowing-machine-whats-the-best-option-for-cardio-at-home-213352?utm_source=pocket-newtab-en-intl","title":"Treadmill, exercise bike, rowing machine: what’s the best option for cardio at home?","excerpt":"Cardio, short for cardiovascular exercise, refers to any form of rhythmic physical activity that increases your heart rate and breathing so the heart and lungs can deliver oxygen to the working muscles.","domain":"The Conversation","raw_image_src":"https://s3.us-east-1.amazonaws.com/pocket-curatedcorpusapi-prod-images/14586eaf-595e-44d5-827b-a5462381f65b.jpeg","image_src":"https://img-getpocket.cdn.mozilla.net/direct?url=https%3A%2F%2Fs3.us-east-1.amazonaws.com%2Fpocket-curatedcorpusapi-prod-images%2F14586eaf-595e-44d5-827b-a5462381f65b.jpeg&resize=w450","time_to_read":4,"score":1},{"id":4393703470452202,"url":"https://www.architecturaldigest.com/story/flowers-that-bloom-all-year?utm_source=pocket-newtab-en-intl","title":"7 Flowers That Bloom All Year","excerpt":"Thanks to their resistance to low temperatures, these plants will keep your home lively and colorful throughout the whole year.","domain":"Architectural Digest","raw_image_src":"https://s3.us-east-1.amazonaws.com/pocket-curatedcorpusapi-prod-images/3b089807-8ee2-4243-88b3-e79b3f7d2f2f.jpeg","image_src":"https://img-getpocket.cdn.mozilla.net/direct?url=https%3A%2F%2Fs3.us-east-1.amazonaws.com%2Fpocket-curatedcorpusapi-prod-images%2F3b089807-8ee2-4243-88b3-e79b3f7d2f2f.jpeg&resize=w450","time_to_read":3,"score":1},{"id":4232239391774021,"url":"https://www.denofgeek.com/games/best-open-world-games-ever/?utm_source=pocket-newtab-en-intl","title":"25 Best Open-World Games Ever","excerpt":"They're some of the biggest games ever made, but which open-world title is the best ever?","domain":"Den Of Geek","raw_image_src":"https://s3.us-east-1.amazonaws.com/pocket-curatedcorpusapi-prod-images/3b102d94-1c23-43b3-bc94-c0a68d05afae.jpeg","image_src":"https://img-getpocket.cdn.mozilla.net/direct?url=https%3A%2F%2Fs3.us-east-1.amazonaws.com%2Fpocket-curatedcorpusapi-prod-images%2F3b102d94-1c23-43b3-bc94-c0a68d05afae.jpeg&resize=w450","time_to_read":19,"score":1},{"id":2643832254100361,"url":"https://www.theguardian.com/world/2023/oct/10/the-mass-protest-decade-why-did-the-street-movements-of-the-2010s-fail?utm_source=pocket-newtab-en-intl","title":"The Mass Protest Decade: Why Did the Street Movements of the 2010s Fail?","excerpt":"From Brazil to Egypt, Turkey to Hong Kong, the 2010s saw a series of huge public uprisings. Yet many of them led to the opposite of what they asked for. Vincent Bevins spoke to more than 200 participants across 12 countries to find out why.","domain":"The Guardian","raw_image_src":"https://s3.us-east-1.amazonaws.com/pocket-curatedcorpusapi-prod-images/b0e9d6c0-e38d-4251-a78d-b015f012c365.jpeg","image_src":"https://img-getpocket.cdn.mozilla.net/direct?url=https%3A%2F%2Fs3.us-east-1.amazonaws.com%2Fpocket-curatedcorpusapi-prod-images%2Fb0e9d6c0-e38d-4251-a78d-b015f012c365.jpeg&resize=w450","time_to_read":22,"score":1},{"id":408174927892902,"url":"https://www.bbc.com/news/world-asia-india-66562257?utm_source=pocket-newtab-en-intl","title":"The mysteries of a mass graveyard of early Indians","excerpt":"Scientists have unveiled a sprawling burial site in India belonging to one of the world's earliest urban civilisations. The BBC's Soutik Biswas delves into the clues the graves might give us about how the early Indians lived and died.","domain":"BBC","raw_image_src":"https://s3.us-east-1.amazonaws.com/pocket-curatedcorpusapi-prod-images/161ce487-38f8-48b5-9e56-f4c33be90e8f.jpeg","image_src":"https://img-getpocket.cdn.mozilla.net/direct?url=https%3A%2F%2Fs3.us-east-1.amazonaws.com%2Fpocket-curatedcorpusapi-prod-images%2F161ce487-38f8-48b5-9e56-f4c33be90e8f.jpeg&resize=w450","time_to_read":5,"score":1},{"id":928416313029403,"url":"https://www.indiatimes.com/lifestyle/evolve/new-age-indian-companies-put-the-spotlight-on-womens-health-hygiene-617503.html?utm_source=pocket-newtab-en-intl","title":"New-Age Indian Companies Put The Spotlight On Women’s Health & Hygiene","excerpt":"The rise of new-age Indian companies dedicated to women's health and hygiene is transforming a traditionally neglected and stigmatized area.","domain":"India Times","raw_image_src":"https://s3.us-east-1.amazonaws.com/pocket-curatedcorpusapi-prod-images/6f8dde61-3dc8-4e5e-aa64-0c7ef83e212a.jpeg","image_src":"https://img-getpocket.cdn.mozilla.net/direct?url=https%3A%2F%2Fs3.us-east-1.amazonaws.com%2Fpocket-curatedcorpusapi-prod-images%2F6f8dde61-3dc8-4e5e-aa64-0c7ef83e212a.jpeg&resize=w450","time_to_read":5,"score":1},{"id":2062024981271767,"url":"https://www.cntraveller.in/story/the-female-chefs-behind-indias-best-restaurants/?utm_source=pocket-newtab-en-intl","title":"The female chefs behind India’s best restaurants","excerpt":"From path-breaking innovations in Indian cuisines to new and exciting international flavours—these female chefs can do it all.","domain":"Condé Nast Traveller India ","raw_image_src":"https://s3.us-east-1.amazonaws.com/pocket-curatedcorpusapi-prod-images/9d5218ab-4637-4aa2-89a2-3f679efb3493.jpeg","image_src":"https://img-getpocket.cdn.mozilla.net/direct?url=https%3A%2F%2Fs3.us-east-1.amazonaws.com%2Fpocket-curatedcorpusapi-prod-images%2F9d5218ab-4637-4aa2-89a2-3f679efb3493.jpeg&resize=w450","score":1},{"id":430201799170454,"url":"https://slate.com/technology/2023/10/golden-retriever-lifespan-dying-younger-dog-health.html?utm_source=pocket-newtab-en-intl","title":"Golden Years","excerpt":"Some vets think golden retrievers are dying younger than they used to. The answer could change how we think about dogs for good.","domain":"Slate","raw_image_src":"https://s3.us-east-1.amazonaws.com/pocket-curatedcorpusapi-prod-images/2c757314-d991-44f2-9e38-4fbbf009207d.jpeg","image_src":"https://img-getpocket.cdn.mozilla.net/direct?url=https%3A%2F%2Fs3.us-east-1.amazonaws.com%2Fpocket-curatedcorpusapi-prod-images%2F2c757314-d991-44f2-9e38-4fbbf009207d.jpeg&resize=w450","time_to_read":16,"score":1},{"id":3409572345948787,"url":"https://www.thecollector.com/destruction-7-wonders-ancient-world/?utm_source=pocket-newtab-en-intl","title":"What Happened to the 7 Wonders of the Ancient World?","excerpt":"Ancient authors speak of seven incredible feats of human achievement which we call the Seven Wonders of the Ancient World, but what happened to them?","domain":"The Collector","raw_image_src":"https://s3.us-east-1.amazonaws.com/pocket-curatedcorpusapi-prod-images/19356e32-93f0-407a-ba38-c0b309770b39.jpeg","image_src":"https://img-getpocket.cdn.mozilla.net/direct?url=https%3A%2F%2Fs3.us-east-1.amazonaws.com%2Fpocket-curatedcorpusapi-prod-images%2F19356e32-93f0-407a-ba38-c0b309770b39.jpeg&resize=w450","time_to_read":11,"score":1},{"id":720686564508209,"url":"https://www.romper.com/life/how-to-talk-to-kids-about-war?utm_source=pocket-newtab-en-intl","title":"How To Talk To Your Kids About War & Help Them Feel Safe","excerpt":"Wars continue to happen in all corners of the world, and children are going to have questions.","domain":"Romper","raw_image_src":"https://s3.us-east-1.amazonaws.com/pocket-curatedcorpusapi-prod-images/50f046bd-d17b-4547-a983-f6c062c5cdcd.jpeg","image_src":"https://img-getpocket.cdn.mozilla.net/direct?url=https%3A%2F%2Fs3.us-east-1.amazonaws.com%2Fpocket-curatedcorpusapi-prod-images%2F50f046bd-d17b-4547-a983-f6c062c5cdcd.jpeg&resize=w450","time_to_read":4,"score":1},{"id":3916743294198370,"url":"https://qz.com/how-countries-regulate-artificial-intelligence-1850916279?utm_source=pocket-newtab-en-intl","title":"How Countries Around the World Are Trying to Regulate AI","excerpt":"From Japan to the UK, nations want to regulate AI for its risks—and benefit from the economic opportunities it poses.","domain":"Quartz","raw_image_src":"https://s3.us-east-1.amazonaws.com/pocket-curatedcorpusapi-prod-images/6db1803c-c890-4969-8132-1579bcdbf5cd.jpeg","image_src":"https://img-getpocket.cdn.mozilla.net/direct?url=https%3A%2F%2Fs3.us-east-1.amazonaws.com%2Fpocket-curatedcorpusapi-prod-images%2F6db1803c-c890-4969-8132-1579bcdbf5cd.jpeg&resize=w450","score":1},{"id":901617497808776,"url":"https://www.wired.com/story/tech-jobs-layoffs-hiring/?utm_source=pocket-newtab-en-intl","title":"Finding a Tech Job Is Still a Nightmare","excerpt":"Tech companies have laid off more than 400,000 people in the past two years. Competition for the jobs that remain is getting more and more desperate.","domain":"WIRED","raw_image_src":"https://s3.us-east-1.amazonaws.com/pocket-curatedcorpusapi-prod-images/28413055-73a8-4751-8a19-41d0ad464a17.jpeg","image_src":"https://img-getpocket.cdn.mozilla.net/direct?url=https%3A%2F%2Fs3.us-east-1.amazonaws.com%2Fpocket-curatedcorpusapi-prod-images%2F28413055-73a8-4751-8a19-41d0ad464a17.jpeg&resize=w450","time_to_read":5,"score":1},{"id":4082994889147175,"url":"https://www.fortuneindia.com/long-reads/the-da-vinci-of-indian-finance/114366?utm_source=pocket-newtab-en-intl","title":"The Da Vinci of Indian Finance","excerpt":"A colossus in the Indian financial landscape, Deepak Parekh is distinguished by his unique trifecta of business acumen, talent honing and genuine interpersonal warmth.","domain":"Fortune India","raw_image_src":"https://s3.us-east-1.amazonaws.com/pocket-curatedcorpusapi-prod-images/617988e6-675a-4515-abd3-1d3b4db266b2.jpeg","image_src":"https://img-getpocket.cdn.mozilla.net/direct?url=https%3A%2F%2Fs3.us-east-1.amazonaws.com%2Fpocket-curatedcorpusapi-prod-images%2F617988e6-675a-4515-abd3-1d3b4db266b2.jpeg&resize=w450","time_to_read":2,"score":1},{"id":1708243195775927,"url":"https://www.guernicamag.com/when-horror-is-the-truth-teller/?utm_source=pocket-newtab-en-intl","title":"When Horror Is the Truth-teller","excerpt":"It is hard, in the era of the AR-15, to fear a vampire.","domain":"Guernica Magazine","raw_image_src":"https://s3.us-east-1.amazonaws.com/pocket-curatedcorpusapi-prod-images/414ab7e9-becb-4fac-9eb6-4a61d1963d35.jpeg","image_src":"https://img-getpocket.cdn.mozilla.net/direct?url=https%3A%2F%2Fs3.us-east-1.amazonaws.com%2Fpocket-curatedcorpusapi-prod-images%2F414ab7e9-becb-4fac-9eb6-4a61d1963d35.jpeg&resize=w450","time_to_read":12,"score":1},{"id":2559418702623590,"url":"https://www.technologyreview.com/2023/10/12/1081129/plastic-recycling-climate-change-microplastics/?utm_source=pocket-newtab-en-intl","title":"Think That Your Plastic Is Being Recycled? Think Again.","excerpt":"Plastic is cheap to make and shockingly profitable. It’s everywhere. And we’re all paying the price.","domain":"MIT Technology Review","raw_image_src":"https://s3.us-east-1.amazonaws.com/pocket-curatedcorpusapi-prod-images/2fe2e05a-721a-4c78-93d7-acd7224438ff.jpeg","image_src":"https://img-getpocket.cdn.mozilla.net/direct?url=https%3A%2F%2Fs3.us-east-1.amazonaws.com%2Fpocket-curatedcorpusapi-prod-images%2F2fe2e05a-721a-4c78-93d7-acd7224438ff.jpeg&resize=w450","time_to_read":18,"score":1},{"id":1780652772227920,"url":"https://aeon.co/essays/should-we-celebrate-the-doctors-who-experiment-on-themselves?utm_source=pocket-newtab-en-intl","title":"Should we celebrate the doctors who experiment on themselves?","excerpt":"Eager for medical breakthroughs, some doctors take enormous risks experimenting on themselves. Should we celebrate them?","domain":"Aeon","raw_image_src":"https://s3.us-east-1.amazonaws.com/pocket-curatedcorpusapi-prod-images/f6ebf9d3-352e-4a2b-b991-349777d3e712.jpeg","image_src":"https://img-getpocket.cdn.mozilla.net/direct?url=https%3A%2F%2Fs3.us-east-1.amazonaws.com%2Fpocket-curatedcorpusapi-prod-images%2Ff6ebf9d3-352e-4a2b-b991-349777d3e712.jpeg&resize=w450","time_to_read":25,"score":1},{"id":3779256402067334,"url":"https://nautil.us/my-brain-doesnt-picture-things-407444/?utm_source=pocket-newtab-en-intl","title":"My Brain Doesn’t Picture Things","excerpt":"I can’t imagine sights, smells, or sounds. What’s wrong with me?","domain":"Nautilus","raw_image_src":"https://s3.us-east-1.amazonaws.com/pocket-curatedcorpusapi-prod-images/717187d9-a7a3-462c-ae33-4307b011ab26.jpeg","image_src":"https://img-getpocket.cdn.mozilla.net/direct?url=https%3A%2F%2Fs3.us-east-1.amazonaws.com%2Fpocket-curatedcorpusapi-prod-images%2F717187d9-a7a3-462c-ae33-4307b011ab26.jpeg&resize=w450","time_to_read":17,"score":1},{"id":1592850877826636,"url":"https://www.vox.com/culture/23903681/henry-sugar-netflix-shorts-ratcatcher-swan-almodovar-roald-dahl?utm_source=pocket-newtab-en-intl","title":"Why aren’t we watching more short films?","excerpt":"Wes Anderson’s new Netflix shorts are the latest case for the form.","domain":"Vox","raw_image_src":"https://s3.us-east-1.amazonaws.com/pocket-curatedcorpusapi-prod-images/70b3a4d4-162a-4abb-adb3-32319fb9fac0.jpeg","image_src":"https://img-getpocket.cdn.mozilla.net/direct?url=https%3A%2F%2Fs3.us-east-1.amazonaws.com%2Fpocket-curatedcorpusapi-prod-images%2F70b3a4d4-162a-4abb-adb3-32319fb9fac0.jpeg&resize=w450","time_to_read":7,"score":1},{"id":1167564586786488,"url":"https://www.rollingstone.com/culture/culture-features/ozempic-wellness-self-care-injection-wegovy-1234852416/?utm_source=pocket-newtab-en-intl","title":"How an Obession With Self-Care Paved The Way for Ozempic","excerpt":"The craze over the popular semaglutide drug is the end result of a self-care economy selling everything — but offering no real solutions.","domain":"Rolling Stone","raw_image_src":"https://s3.us-east-1.amazonaws.com/pocket-curatedcorpusapi-prod-images/df659edb-ad82-4323-accf-16c914456865.jpeg","image_src":"https://img-getpocket.cdn.mozilla.net/direct?url=https%3A%2F%2Fs3.us-east-1.amazonaws.com%2Fpocket-curatedcorpusapi-prod-images%2Fdf659edb-ad82-4323-accf-16c914456865.jpeg&resize=w450","time_to_read":6,"score":1},{"id":4055092650172883,"url":"https://lifehacker.com/how-to-buy-use-and-care-for-nonstick-cookware-1850875663?utm_source=pocket-newtab-en-intl","title":"How to Buy, Use, and Care for Nonstick Cookware","excerpt":"It is totally possible to fry an egg without any in a cast iron or stainless steel pan, but eggs will never stick to Teflon.","domain":"Lifehacker","raw_image_src":"https://s3.us-east-1.amazonaws.com/pocket-curatedcorpusapi-prod-images/ab0e507c-c1fc-49f0-80a2-a949cd721cb6.jpeg","image_src":"https://img-getpocket.cdn.mozilla.net/direct?url=https%3A%2F%2Fs3.us-east-1.amazonaws.com%2Fpocket-curatedcorpusapi-prod-images%2Fab0e507c-c1fc-49f0-80a2-a949cd721cb6.jpeg&resize=w450","time_to_read":7,"score":1},{"id":3199299001555662,"url":"https://www.theringer.com/movies/2023/10/19/23923386/martin-scorsese-color-of-money-last-temptation-of-christ-production-journey?utm_source=pocket-newtab-en-intl","title":"Martin Scorsese’s Great Crossroads","excerpt":"Or, how Scorsese’s late-’80s journey from ‘The Color of Money’ to ‘The Last Temptation of Christ’ informed the spirituality found in his work to this day .","domain":"The Ringer","raw_image_src":"https://s3.us-east-1.amazonaws.com/pocket-curatedcorpusapi-prod-images/9c851da1-a918-4037-bf31-07db4a0fc754.jpeg","image_src":"https://img-getpocket.cdn.mozilla.net/direct?url=https%3A%2F%2Fs3.us-east-1.amazonaws.com%2Fpocket-curatedcorpusapi-prod-images%2F9c851da1-a918-4037-bf31-07db4a0fc754.jpeg&resize=w450","time_to_read":14,"score":1},{"id":41454819349949,"url":"https://www.newyorker.com/magazine/2023/10/23/the-long-petty-friendship-that-changed-art?utm_source=pocket-newtab-en-intl","title":"The Long, Petty Friendship That Changed Art","excerpt":"Manet and Degas were rich, competitive, and often unpleasant. They also discovered new ways of seeing the people around them.","domain":"The New Yorker","raw_image_src":"https://s3.us-east-1.amazonaws.com/pocket-curatedcorpusapi-prod-images/5c751b12-8db0-4b24-9651-ded9f1dd44ad.jpeg","image_src":"https://img-getpocket.cdn.mozilla.net/direct?url=https%3A%2F%2Fs3.us-east-1.amazonaws.com%2Fpocket-curatedcorpusapi-prod-images%2F5c751b12-8db0-4b24-9651-ded9f1dd44ad.jpeg&resize=w450","time_to_read":9,"score":1},{"id":659759586022197,"url":"https://www.nytimes.com/2023/10/13/world/middleeast/hamas-israel-attack-gaza.html?utm_source=pocket-newtab-en-intl","title":"The Secrets Hamas Knew About Israel’s Military","excerpt":"Hamas gunmen surged into Israel in a highly organized and meticulously planned operation that suggested a deep understanding of Israel’s weaknesses. Here is how the attacks unfolded.","domain":"The New York Times","raw_image_src":"https://s3.us-east-1.amazonaws.com/pocket-curatedcorpusapi-prod-images/628d95ba-1cbc-4795-aeaa-379bfc686c36.jpeg","image_src":"https://img-getpocket.cdn.mozilla.net/direct?url=https%3A%2F%2Fs3.us-east-1.amazonaws.com%2Fpocket-curatedcorpusapi-prod-images%2F628d95ba-1cbc-4795-aeaa-379bfc686c36.jpeg&resize=w450","time_to_read":12,"score":1},{"id":2398900356515997,"url":"https://www.esquire.com/entertainment/music/a45583784/rolling-stones-hackney-diamonds-review/?utm_source=pocket-newtab-en-intl","title":"60 Years In, the Rolling Stones Still Have Something to Prove","excerpt":"If this is the end, you couldn't do it any better. ","domain":"Esquire","raw_image_src":"https://s3.us-east-1.amazonaws.com/pocket-curatedcorpusapi-prod-images/235b43d2-9dcc-46af-88d5-9a8f912efadf.jpeg","image_src":"https://img-getpocket.cdn.mozilla.net/direct?url=https%3A%2F%2Fs3.us-east-1.amazonaws.com%2Fpocket-curatedcorpusapi-prod-images%2F235b43d2-9dcc-46af-88d5-9a8f912efadf.jpeg&resize=w450","time_to_read":5,"score":1},{"id":2045639663358578,"url":"https://knowablemagazine.org/article/technology/2023/devices-could-change-how-we-measure-blood-pressure?utm_source=pocket-newtab-en-intl","title":"New Devices Could Change the Way We Measure Blood Pressure","excerpt":"Embedded in a cell phone or in accessories such as rings, bracelets or watches, the novel tools aim to make it easier to manage hypertension. But they must still pass several tests before hitting the clinic. ","domain":"Knowable Magazine","raw_image_src":"https://s3.us-east-1.amazonaws.com/pocket-curatedcorpusapi-prod-images/133dee5e-320f-4a34-aa4f-f30d1e89410a.jpeg","image_src":"https://img-getpocket.cdn.mozilla.net/direct?url=https%3A%2F%2Fs3.us-east-1.amazonaws.com%2Fpocket-curatedcorpusapi-prod-images%2F133dee5e-320f-4a34-aa4f-f30d1e89410a.jpeg&resize=w450","time_to_read":10,"score":1}],"status":"success"}}}}