{"schema":6,"addons":[{"id":"{fef425dc-a60f-4484-954d-71ecf2544846}","icons":{"32":"https://addons.mozilla.org/user-media/addon_icons/990/990442-32.png?modified=2fad6700","64":"https://addons.mozilla.org/user-media/addon_icons/990/990442-64.png?modified=2fad6700","128":"https://addons.mozilla.org/user-media/addon_icons/990/990442-128.png?modified=2fad6700"},"name":"eBesucher Addon","version":"2.0.9","sourceURI":"https://addons.mozilla.org/firefox/downloads/file/4071260/ebesucher_addon1-2.0.9.xpi","homepageURL":"https://ebesucher.de","supportURL":"https://www.ebesucher.com/addon","description":"Discover new websites and get paid with the eBesucher add-on","fullDescription":"This extension is specifically developed for eBesucher.com and partner sites that are affiliated with ebesucher.com\n\nWith this extension users of the eBesucher surfbar and click ads can visit partner websites according to their area of interest and earn eBesucher points in return. These points can be turned into real money in order to request a payout.\n\n\nWhat the addon does when starting the surfbar\n\nEvery 15 seconds to 10 minutes, it redirects you automatically to a website of our advertisers in the surfbar. The addon indicates the retention time (= time that is required to remain on the website in order to get your bonus) and allows you to permanently pause all features. It also gives you access to the last visited website (requires login) and the earnings of the current hour.\n\n\nWhat the addon does when visiting click ads\n\nAfter clicking an ad, a target site will open in a new tab. The addon will load on the target site and show you the retention time. You are rewarded with points when the retention time has elapsed. The Addon will then indicate the amount of points.\n\n\nUsing the eBesucher addon offers significant advantages\n\nIncreased earnings, since all campaigns can be displayed in the surfbar\nThe surfbar can be launched directly\nNo second TAB and no surfbar helper is required to start the surfbar\nThe surfbar can be launched automatically through the eBesucher restarter\nThe surfbar is protected against sites that load a framebreaker","weeklyDownloads":164,"type":"extension","creator":{"name":"eBesucher","url":"https://addons.mozilla.org/en-US/firefox/user/14197014/"},"developers":[],"screenshots":[{"url":"https://addons.mozilla.org/user-media/previews/full/211/211438.png?modified=1622133447","width":1280,"height":800,"thumbnailURL":"https://addons.mozilla.org/user-media/previews/thumbs/211/211438.jpg?modified=1622133447","thumbnailWidth":533,"thumbnailHeight":333},{"url":"https://addons.mozilla.org/user-media/previews/full/211/211439.png?modified=1622133449","width":1280,"height":800,"thumbnailURL":"https://addons.mozilla.org/user-media/previews/thumbs/211/211439.jpg?modified=1622133449","thumbnailWidth":533,"thumbnailHeight":333},{"url":"https://addons.mozilla.org/user-media/previews/full/243/243701.png?modified=1622133451","width":800,"height":560,"thumbnailURL":"https://addons.mozilla.org/user-media/previews/thumbs/243/243701.jpg?modified=1622133451","thumbnailWidth":533,"thumbnailHeight":373}],"contributionURL":"","averageRating":4.411,"reviewCount":7,"reviewURL":"https://addons.mozilla.org/en-US/firefox/addon/ebesucher-addon1/reviews/","updateDate":1676476839000},{"id":"hekt@akmal.dev","icons":{"32":"https://addons.mozilla.org/user-media/addon_icons/2801/2801363-32.png?modified=d7021d38","64":"https://addons.mozilla.org/user-media/addon_icons/2801/2801363-64.png?modified=d7021d38","128":"https://addons.mozilla.org/user-media/addon_icons/2801/2801363-128.png?modified=d7021d38"},"name":"hektCaptcha: hCaptcha Solver","version":"0.3.1","sourceURI":"https://addons.mozilla.org/firefox/downloads/file/4181240/hektcaptcha-0.3.1.xpi","homepageURL":null,"supportURL":null,"description":"Automatically solve hCaptcha using AI. Locally, with Firefox extension.","fullDescription":"Features:\n- Automatically solve hCaptcha free of charge\n- Solve hCaptcha without any limit\n- No need to register or login\n\nHow does it work?\n\nSimply install our extension, sit back and let the AI take care of the hCaptcha challenge. We use a lightweight image classification model to solve it. This model is updated whenever a new challenge appears.\n\nCheck out the source code in GitHub: https://github.com/Wikidepia/hektCaptcha-extension\n\n####################\nIf you find this project useful, please consider donating:\n\nTRON Address (TRX/USDT ONLY): TDdZgEp9q1LSLiTDSMSUSVuXcHBH2uFXhV","weeklyDownloads":92,"type":"extension","creator":{"name":"Wikidepia","url":"https://addons.mozilla.org/en-US/firefox/user/17931661/"},"developers":[],"screenshots":[],"contributionURL":"","averageRating":5,"reviewCount":0,"reviewURL":"https://addons.mozilla.org/en-US/firefox/addon/hektcaptcha/reviews/","updateDate":1697242532000},{"id":"firefox@tampermonkey.net","icons":{"32":"https://addons.mozilla.org/user-media/addon_icons/683/683490-32.png?modified=1625638973","64":"https://addons.mozilla.org/user-media/addon_icons/683/683490-64.png?modified=1625638973","128":"https://addons.mozilla.org/user-media/addon_icons/683/683490-128.png?modified=1625638973"},"name":"Tampermonkey","version":"4.19.0","sourceURI":"https://addons.mozilla.org/firefox/downloads/file/4115771/tampermonkey-4.19.0.xpi","homepageURL":"https://tampermonkey.net","supportURL":"https://tampermonkey.net/faq","description":"Tampermonkey is the world's most popular userscript manager.","fullDescription":"Tampermonkey is the most popular userscript manager, with over 10 million weekly users. It's available for Chrome, Microsoft Edge, Safari, Opera Next and Firefox.\n\nTampermonkey makes it very easy to manage your userscripts and provides features like a clear overview over the running scripts, a built-in editor, ZIP-based import and export (Google Drive, Dropbox, OneDrive), automatic update checks and also browser and cloud storage based synchronization. And finally it's compatible to Greasemonkey up to version 3.x with experimental 4.x support.\n\nNote: If you want to install the more often updated BETA version, then you can get it from here: https://tampermonkey.net/?browser=firefox","weeklyDownloads":40156,"type":"extension","creator":{"name":"Jan Biniok","url":"https://addons.mozilla.org/en-US/firefox/user/11993838/"},"developers":[],"screenshots":[{"url":"https://addons.mozilla.org/user-media/previews/full/170/170870.png?modified=1622132485","width":634,"height":525,"thumbnailURL":"https://addons.mozilla.org/user-media/previews/thumbs/170/170870.jpg?modified=1622132485","thumbnailWidth":483,"thumbnailHeight":400,"caption":"Tampermonkey's built-in editor"}],"contributionURL":"","averageRating":4.7082,"reviewCount":816,"reviewURL":"https://addons.mozilla.org/en-US/firefox/addon/tampermonkey/reviews/","updateDate":1688132380000},{"id":"{aecec67f-0d10-4fa7-b7c7-609a2db280cf}","icons":{"32":"https://addons.mozilla.org/user-media/addon_icons/797/797378-32.png?modified=1692854978","64":"https://addons.mozilla.org/user-media/addon_icons/797/797378-64.png?modified=1692854978","128":"https://addons.mozilla.org/user-media/addon_icons/797/797378-128.png?modified=1692854978"},"name":"Violentmonkey","version":"2.15.0","sourceURI":"https://addons.mozilla.org/firefox/downloads/file/4142251/violentmonkey-2.15.0.xpi","homepageURL":"https://violentmonkey.github.io/","supportURL":null,"description":"Userscript support for browsers, open source.","fullDescription":"Violentmonkey provides userscripts support for browsers. It works on browsers with WebExtensions support. It supports most scripts for Greasemonkey and Tampermonkey.\nFeatures:\n- Update automatically according to the meta data.\n- Scripts will be executed in order as shown in the list.\n- GM functions are supported.\n- Support import from and export to a zip file.\n- Sync to Dropbox and OneDrive!\n- Open source!\n- A frequently updated beta version (click the xpi file inside Assets and confirm).","weeklyDownloads":3821,"type":"extension","creator":{"name":"Gerald","url":"https://addons.mozilla.org/en-US/firefox/user/6458157/"},"developers":[{"name":"tophf","url":"https://addons.mozilla.org/en-US/firefox/user/15549494/"}],"screenshots":[{"url":"https://addons.mozilla.org/user-media/previews/full/186/186154.png?modified=1622132699","width":700,"height":438,"thumbnailURL":"https://addons.mozilla.org/user-media/previews/thumbs/186/186154.jpg?modified=1622132699","thumbnailWidth":533,"thumbnailHeight":334},{"url":"https://addons.mozilla.org/user-media/previews/full/186/186155.png?modified=1622132699","width":700,"height":438,"thumbnailURL":"https://addons.mozilla.org/user-media/previews/thumbs/186/186155.jpg?modified=1622132699","thumbnailWidth":533,"thumbnailHeight":334}],"contributionURL":"https://ko-fi.com/gera2ld?utm_content=product-page-contribute&utm_medium=referral&utm_source=addons.mozilla.org","averageRating":4.6667,"reviewCount":145,"reviewURL":"https://addons.mozilla.org/en-US/firefox/addon/violentmonkey/reviews/","updateDate":1697451460000}]}