{"csv-import-release-rollout":{"slug":"csv-import-release-rollout","branch":{"slug":"enable-csv-import","ratio":1,"feature":{"value":{},"enabled":false,"featureId":"this-is-included-for-desktop-pre-95-support"},"features":[{"value":{"csvImport":true},"enabled":true,"featureId":"cm-csv-import"}]},"active":true,"enrollmentId":"58492259-af28-4cae-85d4-fd830a46917d","experimentType":"rollout","source":"rs-loader","userFacingName":"CSV Import (Release Rollout)","userFacingDescription":"This rollout enables users to import logins from a CSV file from the about:logins page.","lastSeen":"2023-10-24T13:58:56.246Z","featureIds":["cm-csv-import"],"prefs":[{"name":"signon.management.page.fileImport.enabled","branch":"default","featureId":"cm-csv-import","variable":"csvImport","originalValue":false}],"isRollout":true},"extensions-migration-in-import-wizard-116-rollout":{"slug":"extensions-migration-in-import-wizard-116-rollout","branch":{"slug":"control","ratio":1,"feature":{"value":{},"enabled":false,"featureId":"this-is-included-for-desktop-pre-95-support"},"features":[{"value":{"useNewWizard":true,"showImportAll":true,"migrateExtensions":true,"showPreferencesEntrypoint":true},"enabled":true,"featureId":"migrationWizard"}]},"active":true,"enrollmentId":"8ba4a197-8e44-48b8-bf35-3dfba12e015e","experimentType":"rollout","source":"rs-loader","userFacingName":"Extensions Migration in Import Wizard - 117+","userFacingDescription":"This rollout makes extension migration available to users migrating from Chrome to Firefox.","lastSeen":"2023-10-24T13:58:56.259Z","featureIds":["migrationWizard"],"prefs":[{"name":"browser.migrate.content-modal.enabled","branch":"user","featureId":"migrationWizard","variable":"useNewWizard","originalValue":null},{"name":"browser.migrate.content-modal.import-all.enabled","branch":"user","featureId":"migrationWizard","variable":"showImportAll","originalValue":null},{"name":"browser.migrate.chrome.extensions.enabled","branch":"user","featureId":"migrationWizard","variable":"migrateExtensions","originalValue":null},{"name":"browser.migrate.preferences-entrypoint.enabled","branch":"user","featureId":"migrationWizard","variable":"showPreferencesEntrypoint","originalValue":null}],"isRollout":true},"serp-ad-telemetry-rollout":{"slug":"serp-ad-telemetry-rollout","branch":{"slug":"control","ratio":1,"feature":{"value":{},"enabled":false,"featureId":"this-is-included-for-desktop-pre-95-support"},"features":[{"value":{"serpEventTelemetryEnabled":true},"enabled":true,"featureId":"search"}]},"active":true,"enrollmentId":"509857a0-d4f8-47b8-95e2-71290308c626","experimentType":"rollout","source":"rs-loader","userFacingName":"SERP Ad Telemetry Rollout","userFacingDescription":"Telemetry improvements.","lastSeen":"2023-10-24T13:58:56.323Z","featureIds":["search"],"prefs":[{"name":"browser.search.serpEventTelemetry.enabled","branch":"default","featureId":"search","variable":"serpEventTelemetryEnabled","originalValue":false}],"isRollout":true},"upgrade-spotlight-rollout":{"slug":"upgrade-spotlight-rollout","branch":{"slug":"treatment","ratio":1,"feature":{"value":{},"enabled":false,"featureId":"this-is-included-for-desktop-pre-95-support"},"features":[{"value":{"enabled":false},"enabled":true,"featureId":"upgradeDialog"}]},"active":true,"enrollmentId":"9b224d4e-9337-4f16-984d-753c06c026a9","experimentType":"rollout","source":"rs-loader","userFacingName":"Upgrade Spotlight Rollout","userFacingDescription":"Experimenting on onboarding content when you upgrade Firefox.","lastSeen":"2023-10-24T13:58:56.350Z","featureIds":["upgradeDialog"],"prefs":[],"isRollout":true}}