{"experiments":{"bug-1848748-pref-page-load-time-patch-release-116-117":{"slug":"bug-1848748-pref-page-load-time-patch-release-116-117","actionName":"PreferenceExperimentAction","branch":"reset-to-false","expired":false,"lastSeen":"2023-10-24T13:38:24.526Z","preferences":{"network.http.http3.retry_different_ip_family":{"preferenceType":"boolean","preferenceValue":false,"preferenceBranchType":"default","previousPreferenceValue":false}},"experimentType":"exp","userFacingName":"Page load time patch","userFacingDescription":"Reverting a preference that intermittently caused long page load times.","enrollmentId":"b05f8f1c-38fb-478b-9c7c-5eea14de44ad"}}}